No,Genre,Title,Page,Class
000,4コマ,Akuhamu,034,1
001,4コマ,Akuhamu,064,2
002,4コマ,Akuhamu,007,3
003,4コマ,KoukouNoHitotachi,052,1
004,4コマ,KoukouNoHitotachi,046,2
005,4コマ,KoukouNoHitotachi,007,3
006,4コマ,OL_Lunch,058,1
007,4コマ,OL_Lunch,043,2
008,4コマ,OL_Lunch,063,3
009,4コマ,TetsuSan,027,1
010,4コマ,TetsuSan,008,2
011,4コマ,TetsuSan,028,3
012,4コマ,YouchienBoueigumi,007,1
013,4コマ,YouchienBoueigumi,006,2
014,4コマ,YouchienBoueigumi,022,3
015,SF,AppareKappore,066,1
016,SF,AppareKappore,092,2
017,SF,AppareKappore,075,3
018,SF,ARMS,034,1
019,SF,ARMS,077,2
020,SF,ARMS,014,3
021,SF,BEMADER_P,051,1
022,SF,BEMADER_P,045,2
023,SF,BEMADER_P,017,3
024,SF,ByebyeC-BOY,031,1
025,SF,ByebyeC-BOY,015,2
026,SF,ByebyeC-BOY,087,3
027,SF,MiraiSan,026,1
028,SF,MiraiSan,014,2
029,SF,MiraiSan,042,3
030,ギャグ,GarakutayaManta,053,1
031,ギャグ,GarakutayaManta,090,2
032,ギャグ,GarakutayaManta,004,3
033,ギャグ,JijiBabaFight,016,1
034,ギャグ,JijiBabaFight,032,2
035,ギャグ,JijiBabaFight,037,3
036,ギャグ,KarappoHighschool,102,1
037,ギャグ,KarappoHighschool,038,2
038,ギャグ,KarappoHighschool,041,3
039,ギャグ,MeteoSanStrikeDesu,009,1
040,ギャグ,MeteoSanStrikeDesu,019,2
041,ギャグ,MeteoSanStrikeDesu,066,3
042,ギャグ,Nekodama,083,1
043,ギャグ,Nekodama,006,2
044,ギャグ,Nekodama,009,3
045,サスペンス,HanzaiKousyounin,076,1
046,サスペンス,HanzaiKousyounin,016,2
047,サスペンス,HanzaiKousyounin,056,3
048,サスペンス,KuroidoGanka,015,1
049,サスペンス,KuroidoGanka,086,2
050,サスペンス,KuroidoGanka,040,3
051,サスペンス,Ningyoushi,071,1
052,サスペンス,Ningyoushi,064,2
053,サスペンス,Ningyoushi,069,3
054,サスペンス,PlatinumJungle,067,1
055,サスペンス,PlatinumJungle,049,2
056,サスペンス,PlatinumJungle,026,3
057,サスペンス,SyabondamaKieta,055,1
058,サスペンス,SyabondamaKieta,045,2
059,サスペンス,SyabondamaKieta,079,3
060,スポーツ,Count3DeKimeteAgeru,091,1
061,スポーツ,Count3DeKimeteAgeru,060,2
062,スポーツ,Count3DeKimeteAgeru,095,3
063,スポーツ,KyokugenCyclone,049,1
064,スポーツ,KyokugenCyclone,020,2
065,スポーツ,KyokugenCyclone,007,3
066,スポーツ,RisingGirl,107,1
067,スポーツ,RisingGirl,114,2
068,スポーツ,RisingGirl,073,3
069,スポーツ,ShimatteIkouze_vol01,105,1
070,スポーツ,ShimatteIkouze_vol01,097,2
071,スポーツ,ShimatteIkouze_vol01,083,3
072,スポーツ,TaiyouNiSmash,081,1
073,スポーツ,TaiyouNiSmash,040,2
074,スポーツ,TaiyouNiSmash,008,3
075,バトル,DualJustice,035,1
076,バトル,DualJustice,056,2
077,バトル,DualJustice,012,3
078,バトル,GakuenNoise,033,1
079,バトル,GakuenNoise,048,2
080,バトル,GakuenNoise,050,3
081,バトル,MAD_STONE,083,1
082,バトル,MAD_STONE,009,2
083,バトル,MAD_STONE,068,3
084,バトル,MutekiBoukenSyakuma,020,1
085,バトル,MutekiBoukenSyakuma,076,2
086,バトル,MutekiBoukenSyakuma,081,3
087,バトル,SeisinkiVulnus,029,1
088,バトル,SeisinkiVulnus,091,2
089,バトル,SeisinkiVulnus,040,3
090,ファンタジー,MagicStarGakuin,047,1
091,ファンタジー,MagicStarGakuin,019,2
092,ファンタジー,MagicStarGakuin,055,3
093,ファンタジー,ReveryEarth,023,1
094,ファンタジー,ReveryEarth,088,2
095,ファンタジー,ReveryEarth,014,3
096,ファンタジー,TensiNoHaneToAkumaNoShippo,012,1
097,ファンタジー,TensiNoHaneToAkumaNoShippo,068,2
098,ファンタジー,TensiNoHaneToAkumaNoShippo,074,3
099,ファンタジー,TouyouKidan,045,1
100,ファンタジー,TouyouKidan,083,2
101,ファンタジー,TouyouKidan,022,3
102,ファンタジー,YoumaKourin,019,1
103,ファンタジー,YoumaKourin,048,2
104,ファンタジー,YoumaKourin,024,3
105,ホラー,MayaNoAkaiKutsu,068,1
106,ホラー,MayaNoAkaiKutsu,052,2
107,ホラー,MayaNoAkaiKutsu,010,3
108,ホラー,TasogareTsushin,017,1
109,ホラー,TasogareTsushin,028,2
110,ホラー,TasogareTsushin,040,3
111,ラブコメ,BakuretsuKungFuGirl,008,1
112,ラブコメ,BakuretsuKungFuGirl,054,2
113,ラブコメ,BakuretsuKungFuGirl,038,3
114,ラブコメ,LoveHina_vol01,032,1
115,ラブコメ,LoveHina_vol01,083,2
116,ラブコメ,LoveHina_vol01,065,3
117,ラブコメ,PikaruGenkiDesu,021,1
118,ラブコメ,PikaruGenkiDesu,089,2
119,ラブコメ,PikaruGenkiDesu,046,3
120,ラブコメ,ToutaMairimasu,097,1
121,ラブコメ,ToutaMairimasu,099,2
122,ラブコメ,ToutaMairimasu,060,3
123,ラブコメ,WarewareHaOniDearu,077,1
124,ラブコメ,WarewareHaOniDearu,006,2
125,ラブコメ,WarewareHaOniDearu,039,3
126,動物,EienNoWith,092,1
127,動物,EienNoWith,031,2
128,動物,EienNoWith,011,3
129,動物,EverydayOsakanaChan,005,1
130,動物,EverydayOsakanaChan,044,2
131,動物,EverydayOsakanaChan,007,3
132,動物,TapkunNoTanteisitsu,036,1
133,動物,TapkunNoTanteisitsu,041,2
134,動物,TapkunNoTanteisitsu,022,3
135,動物,TsubasaNoKioku,081,1
136,動物,TsubasaNoKioku,004,2
137,動物,TsubasaNoKioku,037,3
138,動物,UchiNoNyan'sDiary,033,1
139,動物,UchiNoNyan'sDiary,016,2
140,動物,UchiNoNyan'sDiary,035,3
141,恋愛,AosugiruHaru,048,1
142,恋愛,AosugiruHaru,006,2
143,恋愛,AosugiruHaru,047,3
144,恋愛,HisokaReturns,046,1
145,恋愛,HisokaReturns,086,2
146,恋愛,HisokaReturns,081,3
147,恋愛,KimiHaBokuNoTaiyouDa,099,1
148,恋愛,KimiHaBokuNoTaiyouDa,094,2
149,恋愛,KimiHaBokuNoTaiyouDa,050,3
150,恋愛,MariaSamaNihaNaisyo,017,1
151,恋愛,MariaSamaNihaNaisyo,090,2
152,恋愛,MariaSamaNihaNaisyo,010,3
153,恋愛,YukiNoFuruMachi,083,1
154,恋愛,YukiNoFuruMachi,068,2
155,恋愛,YukiNoFuruMachi,093,3
156,時代物,BurariTessenTorimonocho,010,1
157,時代物,BurariTessenTorimonocho,094,2
158,時代物,BurariTessenTorimonocho,082,3
159,時代物,Hamlet,068,1
160,時代物,Hamlet,023,2
161,時代物,Hamlet,041,3
162,時代物,JangiriPonpon,014,1
163,時代物,JangiriPonpon,024,2
164,時代物,JangiriPonpon,046,3
165,時代物,MomoyamaHaikagura,008,1
166,時代物,MomoyamaHaikagura,037,2
167,時代物,MomoyamaHaikagura,011,3
168,時代物,Raphael,105,1
169,時代物,Raphael,033,2
170,時代物,Raphael,050,3
